[
  [
    {
      "key": 1,
      "date": "2020/12/10",
      "time": "12:12:12",
      "title": "12月のお知らせ",
      "href": "12"
    },
    {
      "key": 2,
      "date": "2020/11/10",
      "time": "12:12:11",
      "title": "11月のお知らせ",
      "href": "11"
    },
    {
      "key": 3,
      "date": "2020/10/10",
      "time": "12:12:10",
      "title": "10月のお知らせ",
      "href": "10"
    },
    {
      "key": 4,
      "date": "2020/09/10",
      "time": "12:12:09",
      "title": "9月のお知らせ",
      "href": "9"
    },
    {
      "key": 5,
      "date": "2020/08/10",
      "time": "12:12:08",
      "title": "8月のお知らせ",
      "href": "8"
    }
  ],
  [
    {
      "key": 6,
      "date": "2020/07/10",
      "time": "12:12:12",
      "title": "7月のお知らせ",
      "href": "7"
    },
    {
      "key": 7,
      "date": "2020/06/10",
      "time": "12:12:11",
      "title": "6月のお知らせ",
      "href": "6"
    },
    {
      "key": 8,
      "date": "2020/05/10",
      "time": "12:12:10",
      "title": "5月のお知らせ",
      "href": "5"
    },
    {
      "key": 9,
      "date": "2020/04/10",
      "time": "12:12:09",
      "title": "4月のお知らせ",
      "href": "4"
    },
    {
      "key": 10,
      "date": "2020/03/10",
      "time": "12:12:08",
      "title": "3月のお知らせ",
      "href": "3"
    }
  ]
]
