[
  {
    "id": 1,
    "to": "/forgetpassword",
    "title": "パスワードをお忘れの方"
  },
  {
    "id": 2,
    "to": "/changeuserinfo",
    "title": "メールアドレス・パスワードのご変更"
  },
  {
    "id": 3,
    "to": "/term",
    "title": "ご利用規約"
  },
  {
    "id": 4,
    "to": "/privacy",
    "title": "プライバシーポリシー"
  },
  {
    "id": 5,
    "to": "/",
    "title": "警視庁 特殊詐欺防止の心得"
  },
  {
    "id": 6,
    "to": "/",
    "title": "不正な出金にご注意ください！"
  }
]
