[
  {
    "headline": "ログイン情報",
    "value": [
      {
        "title": "ログインID",
        "value": "xxx@mail.com"
      },
      {
        "title": "パスワード",
        "value": "zxcvbnm"
      }
    ]
  },
  {
    "headline": "ログイン情報",
    "value": [
      {
        "title": "氏名",
        "value": "あああああああ"
      },
      {
        "title": "氏名（ふりがな）",
        "value": "アアアアアアア"
      },
      {
        "title": "生年月日",
        "value": "1900年1月1日"
      },
      {
        "title": "性別",
        "value": "その他"
      }
    ]
  },
  {
    "headline": "住所",
    "value": [
      {
        "title": "郵便番号",
        "value": "123-1234"
      },
      {
        "title": "都道府県",
        "value": "東京都"
      },
      {
        "title": "市区町村",
        "value": "千代田区"
      },
      {
        "title": "市区町村(フリガナ)",
        "value": "千代田区"
      },
      {
        "title": "番地",
        "value": "1-1-1"
      },
      {
        "title": "番地(フリガナ)",
        "value": "1-1-1"
      },
      {
        "title": "マンション名",
        "value": "千代田ビル"
      },
      {
        "title": "マンション名(フリガナ)",
        "value": "チヨダビル"
      }
    ]
  },
  {
    "headline": "連絡先",
    "value": [
      {
        "title": "電話番号1",
        "value": "999-999-9999"
      },
      {
        "title": "電話番号2",
        "value": "888-888-8888"
      }
    ]
  },
  {
    "headline": "職業",
    "value": [
      {
        "title": "職業",
        "value": "その他"
      },
      {
        "title": "職業（その他）",
        "value": "国会議員"
      },
      {
        "title": "勤務先または学校",
        "value": "日本国"
      },
      {
        "title": "勤務先または学校（フリガナ）",
        "value": "ニホン"
      },
      {
        "title": "勤務先または学校電話番号",
        "value": "111-111-1111"
      }
    ]
  },
  {
    "headline": "取引目的",
    "value": [
      {
        "title": "主な取引目的",
        "value": "生活費決済"
      }
    ]
  },
  {
    "headline": "支店",
    "value": [
      {
        "title": "支店情報",
        "value": "本営業部"
      }
    ]
  },
  {
    "headline": "キャッシュカード",
    "value": [
      {
        "title": "認証番号",
        "value": "MMMM"
      }
    ]
  }
]
