[
  {
    "key": 1,
    "id": 1234567890,
    "date": "2020/11/01",
    "designateddate": "2020/12/31",
    "account": "本店営業部　普通0000000",
    "price": 100
  },
  {
    "key": 2,
    "id": 1234567890,
    "date": "2020/11/02",
    "designateddate": "2020/12/31",
    "account": "本店営業部　普通0000000",
    "price": 1000
  },
  {
    "key": 3,
    "id": 1234567890,
    "date": "2020/11/03",
    "designateddate": "2020/12/31",
    "account": "本店営業部　普通0000000",
    "price": 1000
  },
  {
    "key": 4,
    "id": 1234567890,
    "date": "2020/11/01",
    "designateddate": "2020/12/31",
    "account": "本店営業部　普通0000000",
    "price": 1000
  },
  {
    "key": 5,
    "id": 1234567890,
    "date": "2020/11/01",
    "designateddate": "2020/12/31",
    "account": "本店営業部　普通0000000",
    "price": 1000
  }
]
